policy,engines,total_cost,mean_cost_per_engine,preventive_cost,failure_cost,discarded_cycle_cost
fixed_age,20,28.0,1.4,1.0,5.0,0.0
lower_bound,20,20.0,1.0,1.0,5.0,0.0
predicted_rul,20,20.0,1.0,1.0,5.0,0.0
run_to_failure,20,100.0,5.0,1.0,5.0,0.0
fixed_age,20,37.91,1.8954999999999997,1.0,5.0,0.01
lower_bound,20,39.32,1.966,1.0,5.0,0.01
predicted_rul,20,24.22,1.2109999999999999,1.0,5.0,0.01
run_to_failure,20,100.0,5.0,1.0,5.0,0.01
fixed_age,20,77.55,3.8775,1.0,5.0,0.05
lower_bound,20,116.60000000000001,5.83,1.0,5.0,0.05
predicted_rul,20,41.1,2.055,1.0,5.0,0.05
run_to_failure,20,100.0,5.0,1.0,5.0,0.05
fixed_age,20,38.0,1.9,1.0,10.0,0.0
lower_bound,20,20.0,1.0,1.0,10.0,0.0
predicted_rul,20,20.0,1.0,1.0,10.0,0.0
run_to_failure,20,200.0,10.0,1.0,10.0,0.0
fixed_age,20,47.91,2.3954999999999997,1.0,10.0,0.01
lower_bound,20,39.32,1.966,1.0,10.0,0.01
predicted_rul,20,24.22,1.2109999999999999,1.0,10.0,0.01
run_to_failure,20,200.0,10.0,1.0,10.0,0.01
fixed_age,20,87.55,4.3774999999999995,1.0,10.0,0.05
lower_bound,20,116.60000000000001,5.83,1.0,10.0,0.05
predicted_rul,20,41.1,2.055,1.0,10.0,0.05
run_to_failure,20,200.0,10.0,1.0,10.0,0.05
fixed_age,20,58.0,2.9,1.0,20.0,0.0
lower_bound,20,20.0,1.0,1.0,20.0,0.0
predicted_rul,20,20.0,1.0,1.0,20.0,0.0
run_to_failure,20,400.0,20.0,1.0,20.0,0.0
fixed_age,20,67.91,3.3954999999999997,1.0,20.0,0.01
lower_bound,20,39.32,1.966,1.0,20.0,0.01
predicted_rul,20,24.22,1.2109999999999999,1.0,20.0,0.01
run_to_failure,20,400.0,20.0,1.0,20.0,0.01
fixed_age,20,107.55000000000001,5.3775,1.0,20.0,0.05
lower_bound,20,116.60000000000001,5.83,1.0,20.0,0.05
predicted_rul,20,41.1,2.055,1.0,20.0,0.05
run_to_failure,20,400.0,20.0,1.0,20.0,0.05
