unit_number,policy,trigger_occurred,trigger_cycle,maintenance_cycle,failure_cycle,preventive_maintenance_success,ran_to_failure,discarded_useful_life,total_cost
1,run_to_failure,False,,,192,False,True,0,10.0
1,fixed_age,True,150.0,155.0,192,True,False,37,1.37
1,predicted_rul,True,173.0,178.0,192,True,False,14,1.1400000000000001
1,lower_bound,True,111.0,116.0,192,True,False,76,1.76
5,run_to_failure,False,,,269,False,True,0,10.0
5,fixed_age,True,150.0,155.0,269,True,False,114,2.14
5,predicted_rul,True,239.0,244.0,269,True,False,25,1.25
5,lower_bound,True,121.0,126.0,269,True,False,143,2.4299999999999997
11,run_to_failure,False,,,240,False,True,0,10.0
11,fixed_age,True,150.0,155.0,240,True,False,85,1.85
11,predicted_rul,True,213.0,218.0,240,True,False,22,1.22
11,lower_bound,True,120.0,125.0,240,True,False,115,2.1500000000000004
13,run_to_failure,False,,,163,False,True,0,10.0
13,fixed_age,True,150.0,155.0,163,True,False,8,1.08
13,predicted_rul,True,135.0,140.0,163,True,False,23,1.23
13,lower_bound,True,83.0,88.0,163,True,False,75,1.75
19,run_to_failure,False,,,158,False,True,0,10.0
19,fixed_age,True,150.0,155.0,158,True,False,3,1.03
19,predicted_rul,True,124.0,129.0,158,True,False,29,1.29
19,lower_bound,True,80.0,85.0,158,True,False,73,1.73
23,run_to_failure,False,,,168,False,True,0,10.0
23,fixed_age,True,150.0,155.0,168,True,False,13,1.13
23,predicted_rul,True,145.0,150.0,168,True,False,18,1.18
23,lower_bound,True,88.0,93.0,168,True,False,75,1.75
31,run_to_failure,False,,,234,False,True,0,10.0
31,fixed_age,True,150.0,155.0,234,True,False,79,1.79
31,predicted_rul,True,215.0,220.0,234,True,False,14,1.1400000000000001
31,lower_bound,True,159.0,164.0,234,True,False,70,1.7000000000000002
32,run_to_failure,False,,,191,False,True,0,10.0
32,fixed_age,True,150.0,155.0,191,True,False,36,1.3599999999999999
32,predicted_rul,True,160.0,165.0,191,True,False,26,1.26
32,lower_bound,True,88.0,93.0,191,True,False,98,1.98
34,run_to_failure,False,,,195,False,True,0,10.0
34,fixed_age,True,150.0,155.0,195,True,False,40,1.4
34,predicted_rul,True,162.0,167.0,195,True,False,28,1.28
34,lower_bound,True,94.0,99.0,195,True,False,96,1.96
40,run_to_failure,False,,,188,False,True,0,10.0
40,fixed_age,True,150.0,155.0,188,True,False,33,1.33
40,predicted_rul,True,136.0,141.0,188,True,False,47,1.47
40,lower_bound,True,83.0,88.0,188,True,False,100,2.0
45,run_to_failure,False,,,158,False,True,0,10.0
45,fixed_age,True,150.0,155.0,158,True,False,3,1.03
45,predicted_rul,True,139.0,144.0,158,True,False,14,1.1400000000000001
45,lower_bound,True,89.0,94.0,158,True,False,64,1.6400000000000001
46,run_to_failure,False,,,256,False,True,0,10.0
46,fixed_age,True,150.0,155.0,256,True,False,101,2.01
46,predicted_rul,True,238.0,243.0,256,True,False,13,1.13
46,lower_bound,True,177.0,182.0,256,True,False,74,1.74
54,run_to_failure,False,,,257,False,True,0,10.0
54,fixed_age,True,150.0,155.0,257,True,False,102,2.02
54,predicted_rul,True,233.0,238.0,257,True,False,19,1.19
54,lower_bound,True,102.0,107.0,257,True,False,150,2.5
71,run_to_failure,False,,,208,False,True,0,10.0
71,fixed_age,True,150.0,155.0,208,True,False,53,1.53
71,predicted_rul,True,179.0,184.0,208,True,False,24,1.24
71,lower_bound,True,108.0,113.0,208,True,False,95,1.9500000000000002
74,run_to_failure,False,,,166,False,True,0,10.0
74,fixed_age,True,150.0,155.0,166,True,False,11,1.11
74,predicted_rul,True,153.0,158.0,166,True,False,8,1.08
74,lower_bound,True,97.0,102.0,166,True,False,64,1.6400000000000001
77,run_to_failure,False,,,154,False,True,0,10.0
77,fixed_age,True,150.0,155.0,154,False,True,0,10.0
77,predicted_rul,True,140.0,145.0,154,True,False,9,1.09
77,lower_bound,True,89.0,94.0,154,True,False,60,1.6
78,run_to_failure,False,,,231,False,True,0,10.0
78,fixed_age,True,150.0,155.0,231,True,False,76,1.76
78,predicted_rul,True,210.0,215.0,231,True,False,16,1.16
78,lower_bound,True,103.0,108.0,231,True,False,123,2.23
81,run_to_failure,False,,,240,False,True,0,10.0
81,fixed_age,True,150.0,155.0,240,True,False,85,1.85
81,predicted_rul,True,213.0,218.0,240,True,False,22,1.22
81,lower_bound,True,99.0,104.0,240,True,False,136,2.3600000000000003
84,run_to_failure,False,,,267,False,True,0,10.0
84,fixed_age,True,150.0,155.0,267,True,False,112,2.12
84,predicted_rul,True,232.0,237.0,267,True,False,30,1.3
84,lower_bound,True,82.0,87.0,267,True,False,180,2.8
91,run_to_failure,False,,,135,False,True,0,10.0
91,fixed_age,False,,,135,False,True,0,10.0
91,predicted_rul,True,109.0,114.0,135,True,False,21,1.21
91,lower_bound,True,65.0,70.0,135,True,False,65,1.65
